{"True Negative": 216, "False Positive": 28, "False Negative": 37, "True Positive": 118, "0": {"precision": 0.8537549407114624, "recall": 0.8852459016393442, "f1-score": 0.8692152917505029, "support": 244}, "1": {"precision": 0.8082191780821918, "recall": 0.7612903225806451, "f1-score": 0.7840531561461793, "support": 155}, "accuracy": 0.8370927318295739, "macro avg": {"precision": 0.8309870593968272, "recall": 0.8232681121099947, "f1-score": 0.8266342239483411, "support": 399}, "weighted avg": {"precision": 0.836065609364252, "recall": 0.8370927318295739, "f1-score": 0.8361322566159913, "support": 399}}